Player,St,D/I
MS Dhoni,34,0.938
AB de Villiers,7,0.923
D Ramdin,20,0.887
Kamran Akmal,32,1.034
Mushfiqur Rahim,28,0.719
Mohammad Shahzad,28,0.83
DA Miller,1,0.722
Umar Akmal,2,0.619
Shoaib Malik,0,0.45
Q de Kock,10,1.21
MJ Guptill,0,0.56
GC Wilson,7,0.605
KC Sangakkara,20,0.803
Sarfaraz Ahmed,10,0.775
BB McCullum,8,0.619
LRPL Taylor,0,0.463
DA Warner,0,0.565
SK Raina,0,0.538
Mohammad Nabi,0,0.546
RG Sharma,0,0.365
LD Chandimal,5,0.685
V Kohli,0,0.493
EJG Morgan,0,0.43
GH Dockrell,0,0.514
DJ Bravo,0,0.53
JP Duminy,0,0.432
KJ O'Brien,0,0.395
KA Pollard,0,0.5
MH Cross,11,0.804
TM Dilshan,2,0.412
AD Hales,0,0.542
BN Cooper,0,0.62
Mahmudullah,0,0.382
DJG Sammy,0,0.455
JM Bairstow,0,0.882
GJ Maxwell,0,0.5
NLTC Perera,0,0.379
L Ronchi,6,0.909
Shahid Afridi,0,0.303
TG Southee,0,0.446
PW Borren,0,0.682
SA Edwards,4,1
PM Seelaar,0,0.417
W Barresi,1,0.675
JC Buttler,4,0.415
CS MacLeod,0,0.551
Najibullah Zadran,0,0.473
NJ O'Brien,10,0.964
KS Williamson,0,0.482
NL McCullum,0,0.412
H Masakadza,0,0.378
Mohammad Hafeez,0,0.28
Sabbir Rahman,0,0.581
AJ Finch,0,0.421
DJ Hussey,0,0.615
BJ Haddin,6,0.676
CJ Jordan,0,0.534
AD Mathews,0,0.319
HH Pandya,0,0.575
Soumya Sarkar,0,0.511
SR Thompson,0,0.589
CL White,0,0.489
AT Carey,9,0.916
ADS Fletcher,1,0.523
WTS Porterfield,0,0.372
PR Stirling,0,0.309
SCJ Broad,0,0.375
F du Plessis,0,0.477
SPD Smith,0,0.583
Asghar Afghan,0,0.303
MEK Hussey,0,0.526
RA Jadeja,0,0.434
C Kieswetter,3,0.8
SL Malinga,0,0.253
CO Obuya,0,0.571
L Siaka,0,0.769
LMP Simmons,0,0.408
SR Watson,0,0.344
HM Amla,0,0.431
CJ Anderson,0,0.612
MV Boucher,1,0.76
CR Brathwaite,0,0.463
E Chigumbura,0,0.351
KJ Coetzer,0,0.339
KD Karthik,5,0.612
R Mutumbami,4,0.863
RR Patel,0,0.633
Shakib Al Hasan,0,0.253
BRM Taylor,2,0.5
RE van der Merwe,0,0.452
C de Grandhomme,0,0.545
S Dhawan,0,0.31
Gulbadin Naib,0,0.4
MA Leask,0,0.62
C Munro,0,0.305
JE Root,0,0.562
Samiullah Shinwari,0,0.29
GC Smith,0,0.545
Tamim Iqbal,0,0.246
Umar Gul,0,0.3
J Botha,0,0.425
AC Gilchrist,0,1.307
DPMD Jayawardene,0,0.309
CK Kapugedera,0,0.395
KMDN Kulasekara,0,0.293
JA Morkel,0,0.34
MDKJ Perera,4,0.404
Sikandar Raza,0,0.531
BDH Stevens,0,1
Sultan Ahmed,3,1.062
Babar Hayat,0,0.666
SW Billings,1,0.615
K Doriga,1,0.941
Hamza Tariq,4,1.066
JW Jenner,0,0.941
P Khadka,0,0.533
Nawroz Mangal,0,0.5
AM Rahane,0,0.8
WB Rankin,0,0.34
Rashid Khan,0,0.355
Shafiqullah,2,0.347
Ahmed Shehzad,0,0.254
Babar Azam,0,0.416
B Bhandari,5,0.555
PD Collingwood,0,0.416
CH Gayle,0,0.258
Ghulam Shabber,1,0.882
ZE Green,5,0.937
Nasir Hossain,0,0.5
SW Poynter,2,0.652
MS Wade,2,0.576
CAK Walton,2,0.789
SC Williams,0,0.394
JJ Atkinson,0,1.076
A Balbirnie,0,0.4
F Behardien,0,0.368
Fakhar Zaman,0,0.411
Imad Wasim,0,0.341
IA Karim,3,0.875
G Malla,0,0.583
Misbah-ul-Haq,0,0.358
MP O'Dowd,0,0.4
KP Pietersen,0,0.388
MJ Santner,0,0.368
A Vala,0,0.538
J Vira,4,1
LJ Wright,0,0.28
AC Agar,0,0.619
Ahmed Raza,0,0.361
Ahsan Malik,0,0.433
TC Bruce,0,0.928
MJ Clarke,0,0.382
NM Coulter-Nile,0,0.481
JEC Franklin,0,0.342
Liton Das,0,0.52
JF Mooney,0,0.481
MA Ouma,5,0.59
TD Paine,2,1.083
SP Patil,4,0.722
KL Rahul,0,0.382
Aamir Kaleem,0,0.5
TA Boult,0,0.444
J Charles,2,0.352
JH Davey,0,0.6
CR Ervine,0,0.545
HG Munsey,0,0.333
Nadeem Ahmed,0,0.5
JDP Oram,0,0.333
Saeed Ajmal,0,0.187
MN Samuels,0,0.179
TL Seifert,4,0.631
V Sibanda,0,0.461
Tamoor Sajjad,0,1
HA Varaiya,0,0.48
DJ Willey,0,0.428
Younis Khan,0,0.48
Yuvraj Singh,0,0.21
A Bagai,6,1.222
S Chandramohan,0,0.916
TH David,0,0.916
N Davin,0,0.687
JSE Dunford,5,0.647
MG Erasmus,0,0.687
JP Faulkner,0,0.458
G Gambhir,0,0.305
Imran Nazir,0,0.44
Jatinder Singh,0,0.44
Khawar Ali,0,0.392
Mohammed Rizlan,3,0.733
PL Mommsen,0,0.5
GD Phillips,2,1.1
Rizwan Cheema,0,0.458
Rohan Mustafa,0,0.289
AD Russell,0,0.234
Shadab Khan,0,0.289
Shaiman Anwar,0,0.343
DW Steyn,0,0.25
T Taibu,5,0.647
PA van Meekeren,0,0.282
D Weston,2,1.833
Abdur Razzak,0,0.303
GJ Bailey,0,0.333
SJ Benn,0,0.416
TT Bresnan,0,0.294
RP Burl,0,0.625
SS Cottrell,0,0.454
N Dickwella,0,0.434
R Escobar,3,2
FJ Klaassen,0,0.5
Mashrafe Mortaza,0,0.188
Nizakat Khan,0,0.294
JL Ontong,0,0.714
RJ Peterson,0,0.476
AU Rashid,0,0.25
SM Sharif,0,0.243
JJ Smit,0,0.833
LJ Tucker,0,0.714
Usman Ghani,0,0.526
Asif Ali,0,0.36
Mudassar Bukhari,0,0.25
CJ Chibhabha,0,0.272
MD Gunathilaka,0,0.428
DT Johnston,0,0.321
Karan KC,0,0.36
E Lewis,0,0.31
PD McGlashan,0,0.818
Manpreet Singh,3,1.285
Mohamed Azzam,1,1.285
J Mubarak,0,0.562
Mustafizur Rahman,0,0.243
SO Ngoche,0,0.321
RR Pant,3,0.346
YK Pathan,0,0.409
R Powell,0,0.391
MJ Prior,3,0.9
DMW Rawlins,0,0.818
JA Richardson,0,1
RR Rossouw,0,0.6
CJO Smith,4,1.285
IS Sodhi,0,0.23
MC Sorensen,0,0.375
BA Stokes,0,0.409
Sultan Ahmed,0,0.529
Suraj Kumar,2,0.692
JE Taylor,0,0.3
T van der Gugten,0,0.236
DL Vettori,0,0.264
CD Wallace,2,0.5
MN Waller,0,0.281
D Wiese,0,0.45
Zaheer Ibrahim,0,0.692
Aizaz Khan,0,0.266
R Ashwin,0,0.173
S Bau,0,0.347
DG Blampied,0,0.47
AC Botha,0,0.615
JW Dernbach,0,0.242
JN Frylinck,0,0.571
HH Gibbs,0,0.347
RR Hendricks,0,0.363
H Klaasen,0,0.888
MJ Lumb,0,0.307
BR McDermott,0,0.727
Manpreet Singh,4,0.666
KD Mills,0,0.19
DJ Mitchell,0,0.888
Mohammad Nadeem,0,0.363
M Mosehle,2,1.142
Nouman Sarwar,0,0.571
RT Ponting,0,0.47
Rameez Shahzad,0,0.363
Ravinderpal Singh,0,0.666
KW Richardson,0,0.533
DJM Short,0,0.421
DR Smith,0,0.242
Sompal Kami,0,0.285
MA Starc,0,0.285
SB Styris,0,0.258
RML Taylor,0,0.888
HT Tector,0,0.571
HDRL Thirimanne,0,0.307
AJ Tye,0,0.32
N Vanua,0,0.32
MH Yardy,0,0.571
KJ Abbott,0,0.333
RG Aga,0,0.35
MM Ali,0,0.28
Aqib Ilyas,0,0.318
S Badree,0,0.134
HS Baidwan,0,0.411
RD Berrington,0,0.118
Bilal Khan,0,0.225
RS Bopara,0,0.189
DAJ Bracewell,0,0.411
YS Chahal,0,0.194
S Chanderpaul,0,0.318
MS Chapman,0,0.291
PJ Cummins,0,0.28
AR Cusack,0,0.212
Dawlat Zadran,0,0.205
BR Dunk,2,1.4
AC Evans,0,0.28
Faheem Ashraf,0,0.259
Fawad Alam,0,0.291
Harbhajan Singh,0,0.259
Hasan Ali,0,0.233
AW Hawkins-Kay,0,0.437
JO Holder,0,0.411
Imran Tahir,0,0.184
Iqbal Hussain,0,0.466
JH Kallis,0,0.28
Kuldeep Yadav,0,0.368
MJ McClenaghan,0,0.241
MW Machan,0,0.538
AD Mascarenhas,0,0.5
Mehidy Hasan Miraz,0,0.538
BMAJ Mendis,0,0.318
AK Mohan,2,1.4
PJ Moor,0,0.333
Mosaddek Hossain,0,0.5
K Motlhanka,4,1
SP Narine,0,0.137
H Osinde,0,0.636
MK Pandey,0,0.218
KH Pandya,0,0.388
LE Plunkett,0,0.318
N Pooran,0,0.437
JD Ryder,0,0.318
RR Sarwan,0,0.388
MD Shanaka,0,0.2
Simi Singh,0,0.388
Sohail Tanvir,0,0.122
MP Stoinis,0,0.388
MR Swart,0,0.269
R Tari,0,0.5
TP Ura,0,0.304
Waqas Barkat,0,0.318
MRJ Watt,0,0.212
KOK Williams,0,0.291
Yasir Ali,0,0.777
CA Young,0,0.28
Abdur Rehman,0,0.75
DS Airee,0,0.333
PS Airee,1,0.545
Anshuman Rath,0,0.3
Awais Ahmed,1,0.666
NW Bracken,0,0.315
JJ Bumrah,0,0.142
PVD Chameera,0,0.315
TLW Cooper,0,0.352
FA Cossa,0,1.2
AG Cremer,0,0.206
ST Finn,0,0.285
JS Foster,3,1.2
SO Hetmyer,0,0.3
SD Hope,0,0.461
GJ Hopkins,2,0.6
Imran Ismail,0,1
Janak Prakash,0,0.5
Kamran Khan,0,0.428
Karim Sadiq,0,0.166
B Kumar,0,0.139
ND Laegsgaard,0,0.857
TWM Latham,0,0.461
B Lee,0,0.24
AR McBrine,0,0.333
PK Matautaava,0,0.6
BAW Mendis,0,0.153
BKG Mendis,0,0.25
Mohammad Nawaz,0,0.375
CH Morris,0,0.26
Muhammad Usman,0,0.176
Nasir Jamshed,0,0.333
AR Nurse,0,0.461
Nurul Hasan,4,0.666
NN Odhiambo,0,0.25
HH Patel,0,0.857
CW Perchard,0,0.4
BBJL Perera,0,0.857
AL Phehlukwayo,0,0.26
Rehman Abdul,0,1
S Samarawickrama,2,0.857
Shafraz Jaleel,2,1.5
HAM Shah,0,0.857
TAM Siriwardana,0,0.272
P Utseya,0,0.171
MN van Wyk,1,0.75
JNT Vare,2,0.75
S Vesawkar,0,0.352
Virandeep Singh,0,0.5
DF Watts,0,0.6
Zeeshan Maqsood,0,0.214
Aarif Sheikh,0,0.454
Adnan Ilyas,0,0.454
KK Ahuja,3,0.625
CJA Amini,0,0.217
Anwar Ali,0,0.312
Ariful Haque,0,0.555
SJ Baard,0,0.384
O Bascome,1,0.454
PKD Chase,0,0.416
DT Christian,0,0.312
BCJ Cutting,0,0.714
MD Dai,0,0.555
A Dananjaya,0,0.227
GJ Delany,0,0.294
NS Dhaliwal,0,0.416
AC Douglas,0,0.5
FH Edwards,0,0.25
Fahad Ali,1,1.666
Faisal Javed,0,0.333
LB Ferbrache,0,0.555
A Flintoff,0,0.714
DM Gondaria,0,0.454
NA Greenwood,0,0.625
DAS Gunaratne,0,0.416
S Hallett,1,1.25
Hilal Ahmad,0,0.714
BJ Hodge,0,0.333
Ibrahim Hassan,0,0.454
Jagjit Singh,0,1.25
KM Jarvis,0,0.227
MG Johnson,0,0.166
EC Joyce,0,0.294
Junaid Sheikh,0,1
D Kansonkho,0,0.714
Karim Janat,0,0.238
SP Khakurel,3,0.625
UT Khawaja,0,0.555
JP Kotze,0,0.416
HG Kuhn,0,0.714
NR Kumar,0,0.277
AV Lalcheta,0,0.312
JS Malhotra,3,0.833
A Mansale,0,0.357
T Maruma,0,0.384
S Matsikenyeri,0,0.5
SS McKechnie,1,0.5
EJB Miles,0,0.357
AF Milne,0,0.238
Mirwais Ashraf,0,0.2
Mohammad Rizwan,2,0.312
Mohammed Nadeem,0,0.333
M Morkel,0,0.113
CB Mpofu,0,0.166
Muhammad Tanveer,0,0.333
S Muniandy,0,0.357
C Munoz-Mills,0,0.555
SJ Myburgh,0,0.156
JDS Neesham,0,0.277
R Nehonde,0,0.714
OE Newey,1,0.714
RJ Nicol,0,0.238
NM Odhiambo,0,0.312
TM Odoyo,0,0.454
CN Onwuzulike,0,0.555
R Panchal,0,0.555
WD Parnell,0,0.125
AR Patel,0,0.454
MD Patel,2,0.625
NK Patel,0,1.25
Rahmanullah Gurbaz,1,0.714
J Rasu,0,0.384
D Ravu,0,0.294
JJ Roy,0,0.156
Sami Sohail,0,0.714
Sandeep Goud,0,0.416
E Schiferli,0,0.833
Shafiq Sharif,3,0.555
KD Shah,0,0.192
OA Shah,0,0.294
Shapoor Zadran,0,0.147
Sharjeel Khan,0,0.333
RJ Sidebottom,0,0.277
LPC Silva,0,0.312
TB Sole,0,0.555
GP Swann,0,0.128
SR Taylor,0,0.625
SO Tikolo,0,0.333
AJ Turner,0,0.454
C Viljoen,0,0.416
JM Vince,0,0.416
Wahab Riaz,0,0.161
B Ward,0,0.384
Washington Sundar,0,0.277
Abdul-Shakoor Rahimzei,0,0.571
CN Ackermann,0,0.363
Adnan Idrees,0,0.666
Aftab Ahmed,0,0.363
FA Allen,0,0.363
Amjad Javed,0,0.181
SE Aquilina,4,1
Asad Mohammad,0,0.444
MA Baig,0,0.571
B Banerjee,0,0.666
T Banton,0,1.333
JP Behrendorff,0,0.666
IR Bell,0,0.5
TS Bharaj,0,0.571
Meet Bhavsar,0,0.444
MP Biddappa,1,1
Bilal Tahir,0,1
Bilal Zalmai,1,0.8
PRP Boissevain,0,1
SE Bond,0,0.2
DM Bravo,0,0.2
NT Broom,0,0.363
DE Budge,0,0.666
RW Chakabva,0,0.333
TL Chatara,0,0.19
JW Chilia,0,0.285
K Christie,0,0.363
SR Clark,0,0.444
DDP D'Silva,0,0.4
DAP Darrell,0,0.363
TN de Grooth,0,0.285
DM de Silva,0,0.307
PWH de Silva,0,0.5
S Dhaniram,0,0.363
S Dube,0,0.666
Ehsan Khan,0,0.266
Elias Sunny,0,0.571
GD Elliott,0,0.235
Fahad Tariq,0,0.666
Farhad Reza,0,0.307
O Fournier,0,2
PG Fulton,0,0.333
PF Gallagher,0,1.333
G Goudie,0,0.444
TGJ Gruijters,0,0.5
K Gupta,1,1
OD Hald,0,0.571
Hamza Tahir,0,0.363
RM Haq,0,0.2
TM Head,0,0.25
R Hekure,0,0.5
DR Hooper,0,0.444
Hussain Talat,0,0.285
DP Hyatt,0,0.8
Imran Haider,2,2
Imrul Kayes,0,0.285
SS Iyer,0,0.285
ST Jayasuriya,0,0.129
LM Jongwe,0,0.5
SHT Kandamby,0,0.8
G Kansonkho,0,0.666
AN Kervezee,0,0.4
Khalid Latif,0,0.307
BA King,0,0.666
EB Knowles,0,0.571
SC Kuggeleijn,0,0.444
Kuldeep Lal,0,0.5
RE Levi,0,0.307
N Madziva,0,0.266
MSS Mandy,0,1
MR Marsh,0,0.363
XM Marshall,0,0.307
WP Masakadza,0,0.333
Md Nurul Huda,0,0.8
AS Mehmi,0,1.333
Mohammad Amir,0,0.083
Mohammad Ashraful,0,0.173
Mohammad Boota,1,0.25
Mohammad Naveed,0,0.129
Muhammad Awais,1,1.333
GRD Munasinghe,0,0.571
A Nehra,0,0.148
A Neill,0,0.8
SN Netravalkar,0,0.5
N Nipiko,0,0.285
Noor Ali Zadran,0,0.2
AA Obanda,0,0.133
JS Patel,0,0.363
RK Paudel,0,0.363
N Pokana,0,0.21
S Prasanna,0,0.2
AT Rayudu,0,0.666
B Regmi,0,0.222
MJ Richardson,3,1.333
MJG Rippon,0,0.235
PADLR Sandakan,0,0.285
Saqlain Haider,0,0.666
T Shamsi,0,0.25
I Sharma,0,0.285
B Shikongo,0,0.363
Sikander Zulfiqar,0,0.363
Simandeep Singh,0,0.571
Sohaib Maqsood,0,0.2
ES Szwarczynski,0,0.307
Tanwir Afzal,0,0.19
RN ten Doeschate,0,0.19
C Tommy,0,0.333
I Udana,0,0.148
Umar Amin,0,0.285
DLS van Bunge,0,0.307
RR Watson,0,0.444
K Weeraratne,0,0.8
Yasir Shah,0,2
Ziaur Rahman,0,0.285
MR Adair,0,0.176
S Adedeji,0,0.5
Afif Hossain,0,0.375
Aftab Alam,0,0.25
KK Ahmed,0,0.214
Ainool Haqqiem,2,0.75
TP Allen,0,0.6
Al-Amin Hossain,0,0.115
Amir Mangal,0,0.333
JM Anderson,0,0.157
Anowarul Islam,0,0.75
P Arrighi,0,0.6
Asad Shafiq,0,0.3
NJ Astle,0,0.75
TD Astle,0,1
AJ Ayannaike,1,1
F Baaleri,0,0.75
Babar Ali,0,1
V Balakrishnan,0,1
OGL Bascome,0,0.272
V Baskaran,0,0.25
C Bisson,0,0.214
A Bohara,0,0.176
DG Brownlie,0,0.6
IG Butler,0,0.157
J Butler,0,0.333
C Carter,1,0.3
C Chete,0,1.5
LA Collado,1,0.75
PC Connell,0,0.375
TK Curran,0,0.2
CJ Dala,0,0.333
SM Davies,1,0.6
CD de Lange,0,0.428
Delawar Khan,0,0.428
BFW de Leede,0,0.375
JL Denly,0,0.3
N Dutta,0,0.272
LH Ferguson,0,0.375
CRD Fernando,0,0.166
Fiaz Ahmed,0,0.75
Fitri Sham,0,0.214
SC Getkate,0,0.214
D Gim,0,0.5
BD Glover,0,0.157
LF Goncalves,2,1
Z Groenewald,0,0.3
GM Hamilton,0,0.272
Haris Sohail,0,0.214
BE Hendricks,0,0.272
MC Henriques,0,0.272
JR Hopes,0,0.25
Ibrarul Haq,0,0.6
Imran Farhat,0,0.428
Imran Khan,0,1
Inam-ul-Haq,0,0.272
MM Iqbal,0,0.5
Izatullah Dawlatzai,0,0.214
Jahurul Islam,0,1
GSNFG Jayasuriya,0,0.187
S Jora,0,0.5
I Katzarski,0,1
S Kaveri,0,0.428
JM Kemp,0,0.375
Khurram Nawaz,0,0.166
J Kila,0,0.25
AK Kitchen,0,0.75
RAS Lakmal,0,0.272
S Lamichhane,0,0.166
KS Leverock,0,0.25
CA Lynn,0,0.176
WK McCallan,0,0.375
R McLaren,0,0.25
CD McMillan,0,0.375
WJ Malinda,0,1
SE Marsh,0,0.2
RD McCann,2,1
Md Shafiqul Haque,2,0.75
GP Meade,0,0.428
Mehran Khan,0,0.166
T Mishra,0,0.2
Mohamed Rishwan,0,0.272
Mohammad Asif,0,0.272
Mohammad Mithun,0,0.25
Mohammad Saifuddin,0,0.23
Mohammad Sami,0,0.23
JM Muirhead,0,0.6
Mujeeb Ur Rahman,0,0.187
AA Mulla,2,0.75
T Munyonga,0,0.6
TJ Murtagh,0,0.214
Najeeb Tarakai,0,0.25
M Nasim Baras,0,1
A Ndlovu,0,1
PM Nevill,1,0.333
DO Obuya,1,0.3
H Patel,0,0.272
SR Patel,0,0.166
JL Pattinson,0,0.75
Pavandeep Singh,0,0.3
RW Price,0,0.187
S Qeshile,0,1.5
K Rabada,0,0.142
LN Rajbanshi,0,0.25
Aminuddin Ramly,0,0.333
S Ravikumar,0,1
AJ Redmond,0,0.428
KA Reynolds,0,1
MJ Ross,0,0.428
Saad Bin Zafar,0,0.272
Sajid Cheema,0,0.6
Salman Butt,0,0.125
P Sarraf,0,0.333
BM Scholtz,0,0.214
SMSM Senanayake,0,0.125
Shahzaib Hasan,0,0.3
D Sheeli,0,1
NK Shetty,0,1.5
Shiraz Khan,0,0.5
P Silas,0,0.75
VS Solanki,0,1
MWR Stokes,0,0.333
AO Suji,0,0.375
CR Suryawanshi,0,1
A Symonds,0,0.214
SW Tait,0,0.142
SN Thakur,0,0.428
OFJ Tonuu,0,0.75
JD Unadkat,0,0.3
LV van Beek,0,0.375
HE van der Dussen,0,0.333
M Vijay,0,0.333
TP Visee,0,0.115
AC Voges,0,0.428
C Waiswa,0,0.75
HR Walsh,0,0.23
BJ Watling,0,0.6
UT Yadav,0,0.428
KJ Young,0,1
SA Abbott,0,0.5
Abdullah Akbarjan,0,0.4
Abdul Razzaq,0,0.062
Abdul Shakoor,1,1
AS Abioye,0,0.4
IKO Aboagye,0,0.5
Abu Hider,0,0.166
Abdul Hashmi,1,0.333
Ahmed Faiz,0,0.222
CM Akachukwu,0,0.25
DI Allan,0,0.2
Alok Kapali,0,0.285
TR Ambrose,1,2
Amjad Khan,0,0.5
Amjad Mahboob,0,0.181
Amjad Sher,0,0.4
Anamul Haque,0,0.166
Anique Uddin,0,0.4
R Ankad,0,0.25
Anwar Arudin,0,0.181
Anwar Rahman,0,0.25
Areeb Quadir,0,1
Ashfaq Ahmed,0,0.166
MNM Aslam,0,0.333
Asrar Ahmed,0,0.666
AA Banner,0,0.666
GG Banner,0,0.666
LJ Barker,0,0.222
GEF Barnett,0,0.4
CD Barnwell,0,0.333
A Bhagwat,0,0.5
M Bhanuka,0,1
RA Bhatti,1,0.5
DE Bollinger,0,0.222
JP Bray,0,1
GB Brent,0,0.666
PR Brown,0,0.5
AF Buurman,1,0.5
VD Chandra,0,0.666
BB Chari,0,0.666
PP Chawla,0,0.285
CK Coventry,0,0.153
KM Dabengwa,0,0.25
F Damiao Couana,0,0.333
P Danci,0,1
RR David,0,0.5
JM Davison,0,0.4
LA Dawson,0,0.333
TB de Bruyn,0,1
N Deonarine,0,0.25
AP Devcich,0,0.5
R Dhawan,0,2
GD Drummond,0,0.117
L Emilio,0,0.5
GDR Eranga,0,0.222
Faran Afzal,0,0.222
Fayyaz Butt,0,0.142
A Ferguson,0,0.4
N Pradeep,0,0.142
WIA Fernando,0,0.2
NJ Ferraby,0,0.142
SP Fleming,0,0.4
DR Flynn,0,0.4
JD Freyone,0,0.5
GC Galanis,0,1
V Ganesan,0,0.5
CJ Gannon,0,0.5
Habib Ahmadzai,0,0.4
Hamid Hassan,0,0.09
Hammad Azam,0,0.4
Jandu Hamoud,0,0.333
AS Hansra,0,0.25
Haseeb Amjad,0,0.111
JW Hastings,0,0.222
C Hauptfleisch,1,0.4
Hazratullah Zazai,0,0.153
L Hermida,0,0.4
D Heyliger,0,0.181
RM Hira,0,0.133
Hirenkumar Patel,0,0.5
S Hirugade,0,0.333
Imran Anwar,0,0.5
Imran Ali,0,0.5
CA Ingram,0,0.222
Irfan Ahmed,0,0.25
Ismat Ullah,0,0.5
H Ivanov,0,0.666
Joginder Sharma,0,0.5
GO Jones,0,1
MBS Jonkman,0,0.666
Junaid Siddiqui,0,0.153
Junaid Siddique,0,0.25
Karweng NG,0,0.5
MS Kasprowicz,0,1
SM Katich,0,0.666
Z Khan,0,0.117
Khurram Khan,0,0.666
M Klinger,0,0.666
HGJM Kulatunga,0,1
JS Kundi,0,0.333
A Lark,0,0.4
LC Le Tissier,0,0.222
JB Little,0,0.181
MF Maharoof,0,0.25
NA Maiolo,0,0.285
DJ Malan,0,0.222
JN Malan,0,1
A Manousis,0,0.666
Mansoor Amjad,0,2
A Martin,0,2
SW Masakadza,0,0.285
WT Mashinge,0,1
NO Miller,0,0.222
SF Mire,0,0.222
Mohammad Ghazanfar,0,0.4
Mohammad Naim,0,0.666
Mohammad Salman,1,2
Mohammed Asghar,0,0.5
Mohammed Nurji,0,0.333
RS Morton,0,0.285
Muhammad Kashif,0,0.2
Muhammad Nadeem,0,0.4
RG Mukasa,0,0.5
Mukhtar Ahmed,0,0.333
J Mulder,0,0.25
G Murali,0,0.666
Murid Ekrami,0,0.666
TK Musakanda,0,0.333
LA Musiani,0,0.4
CT Mutombodzi,0,0.153
B Muzarabani,0,0.333
Naeem Islam,0,0.2
Nanda Kumar,0,0.666
N Nankov,0,0.666
Naved-ul-Hasan,0,0.5
Nawazish Jezuli,0,2
Najmul Hossain Shanto,0,1
Nazmul Islam,0,0.153
Nazwan Ismail,0,0.666
P Negi,0,2
K Nestor,0,0.5
G Nikitas,2,1
Noor Momand,0,1
F Nsubuga,0,0.666
M Ntini,0,0.2
GH O'Brien,0,0.181
SA Okpe,0,0.25
LN Oluoch,0,0.2
AA Onikoyi,0,0.222
E Otieno,0,0.111
KO Otieno,0,0.5
HC Overdijk,0,0.666
AM Oyede,0,0.25
T Panyangara,0,0.142
AE Paraam,0,0.666
SD Parry,0,0.4
IK Pathan,0,0.086
KMA Paul,0,0.111
T Perera,0,0.333
JE Pitcher,0,0.666
OL Pitcher,0,0.666
SM Pollock,0,0.166
NS Poonia,0,0.285
A Poulose,0,0.666
DBL Powell,0,0.4
AD Poynter,0,0.117
A Pusthay,0,0.4
Qadeer Ahmed,0,0.2
Raees Ahmadzai,0,0.25
Raag Kapur,0,0.5
S Rakshit,0,0.285
R Rampaul,0,0.086
Raza-ur-Rehman,0,0.4
Raza Hasan,0,0.2
DJ Reekers,0,0.4
GA Reynold,0,0.666
LH Rodrigues,0,0.5
R Rohan,0,0.2
S Rossi,0,0.4
Saber Zakhil,0,0.666
S Saeed,0,0.4
Sagar Pun,0,0.222
Sahibzada Farhan,0,0.666
J Salazar,0,1
Saqib Zulfiqar,0,0.333
A Sathya,0,0.666
V Sehwag,0,0.111
Shaikh Ashraf,0,0.5
Shakeel Ansar,1,1
PH Shamdasani,0,0.5
Shamsur Rahman,0,0.25
V Shankar,0,0.222
Shoaib Akhtar,0,0.133
Shoaib Ali,0,0.4
Shoaib Qureshi,0,0.4
Sidhant Singh,0,0.25
RP Singh,0,0.222
L Sipamla,0,0.4
S Smith,0,0.4
S Snater,0,0.166
Sohag Gazi,0,0.2
CA Soper,0,0.153
S Sreesanth,0,0.222
H Srinivasan,1,2
JH Stander,0,0.181
F Stoman,1,0.5
DC Stovell,0,0.333
GM Strydom,0,0.333
JTS Sumerauer,0,0.25
K Suttisan,0,1
Syed Aziz,0,0.153
Tahir Dar,0,0.5
Tauqeer Hussain,0,0.5
WU Tharanga,0,0.076
J Theron,0,0.222
RA Thomas,0,0.25
GJ Thompson,0,0.2
T Thushara,0,0.333
DT Tiripano,0,0.2
MK Tiwary,0,0.666
JC Tredwell,0,0.125
ME Trescothick,0,0.666
T Tshose,0,1
E Ul Haq,0,0.4
Umar Adam,0,0.181
RV Uthappa,0,0.166
R van der Merwe,0,0.4
S Vashisht,0,0.666
Vichanath Singh,0,0.5
Vinod Kumar,0,0.666
BV Vitori,0,0.181
Waheed Ahmed,0,0.2
SR Welsh,0,2
AR White,0,0.117
CG Williams,0,0.153
OR Willis,1,0.666
C Wright,0,0.333
Yasar Haroon,0,0.5
Yusuf Ebrahim,0,0.666
Zahoor Khan,0,0.111
C Zhuwao,0,0.285
Zishan Shah,0,0.5
B Zuiderent,0,0.333
M Abdulla,0,0.2
Abdul Shakoor,1,0.166
Abdul Wahid,0,0.2
Abraash Khan,0,0.142
Abrar Bilal,1,0.333
Abu Jayed,0,0.333
AR Adams,0,0.25
VD Adewoye,0,0.142
Afsar Zazai,1,1
GJ Agius,0,0.5
P Agnihotri,0,0.5
SA Ahmad,0,0.333
Ahmed Hassan,0,0.09
GW Aldridge,0,1
Amir Ali,0,0.111
Amjad Ali,0,0.2
Anam Mollik,0,0.5
Anasim Khan,0,0.25
Aqib Iqbal,0,0.2
S Arachchige,0,0.25
Arafat Sunny,0,0.1
Aritra Dutta,0,0.125
P Arora,0,0.5
U Aryaman Sunil,0,0.5
Ashiqullah Said,0,0.333
A Ashokan,0,0.5
Aslam Mohammad,0,0.333
SK Atai,0,0.5
V Ateak,0,0.25
Atif Kamal,0,0.25
MS Aulakh,0,0.333
Avi Dixit,0,1
Awais Malik,0,0.09
MO Bacarese,0,0.333
KS Bagabena,0,0.25
JD Baker,0,0.25
G Bakiweyem,0,0.333
WD Balaji Rao,0,0.25
Baljit Singh,0,0.142
JT Ball,0,0.5
CT Bancroft,0,1
HMCM Bandara,0,0.25
S Bantzas,0,1
AB Barath,0,0.5
J Barker,0,0.25
P Baron,0,0.2
OO Bascome,0,0.333
T Bavuma,0,0.5
RL Bhudia,0,0.333
SR Bhudia,0,0.25
Bilawal Bhatti,0,0.111
TR Birt,0,0.25
D Bishoo,0,0.142
JAR Blain,0,0.2
TA Blundell,0,0.333
SM Boland,0,0.333
SG Borthwick,0,1
LE Bosman,0,0.071
IDR Bradshaw,0,1
DR Briggs,0,0.166
N Buckle,0,0.333
J Bulele,0,0.166
DE Burgess,0,0.25
DK Butler,0,1
CL Cairns,0,0.5
JD Campbell,0,0.5
RJ Campbell,0,0.333
MA Carberry,0,1
NM Carter,0,0.142
P Chandran,0,0.333
N Chejay,0,1
TS Chisoro,0,0.083
AN Cook,0,0.25
J Cutinho,0,0.333
DK Dahyabhai Ahir,0,0.5
JWM Dalrymple,0,0.333
H Dandapani,0,0.2
K Dasan,0,0.333
AS Dean,0,0.5
M de Lange,0,0.166
CJ Delany,0,0.25
SI de Saram,0,1
PC de Silva,0,0.5
Dhiman Ghosh,1,1
AB Dinda,0,0.111
LA Dunbar,0,0.5
AB Dursak,0,0.25
G Dutta,0,0.142
J Edness,1,0.333
RMS Eranga,0,0.333
L Evile,0,0.25
M Faheem,0,0.25
Faisal Khan,0,0.25
Fareed Ahmad,0,0.071
Farhan Ahmed,0,0.333
Fayyaz Ahmed,0,1
CJ Ferguson,0,0.333
SE Findlay,0,0.5
JA Fitzgerald,0,0.25
BT Foakes,0,1
CR Foggo,0,0.333
TS Fray,0,0.1
C Fry,0,0.333
R Frylinck,0,0.333
ST Gabriel,0,0.5
WT Gavera,0,0.166
Gershon Yusuf,0,1
MR Gillespie,0,0.09
R Goodwin,0,0.25
JOA Gordon,0,0.142
TG Gordon,0,0.333
K Gore,0,0.25
H Gori,0,0.142
S Goud,0,1
AM Guruge,0,0.2
Hafez Farooq,0,0.25
OJ Hairs,0,0.125
Hamza Dar,0,1
SJ Harmison,0,0.5
NM Hauritz,0,0.333
ML Hayden,0,0.111
JR Hazlewood,0,0.142
MJ Henry,0,0.166
WW Hinds,0,0.2
GB Hogg,0,0.066
Z Hoque,0,0.333
JM How,0,0.2
MG Hunter,0,0.25
JJ Huo,0,0.166
J Hurley,0,0.333
A Husain,0,0.2
GM Hyde,0,0.333
Ibrahim Nashath,0,0.333
Ibrahim Rizan,0,0.2
Ibrahim Zadran,0,0.333
AF Ifill,0,0.166
Iftikhar Ahmed,0,0.166
Ilyas Ahmed,0,0.166
Imran Ashraf,0,0.333
Imran Haider,0,0.09
PJ Ingram,0,0.333
DF Jacobs,0,0.25
KM Jadhav,0,0.111
S Jamil,0,0.333
Jasdeep Singh,0,0.25
Jaspreet Singh,0,0.25
K Jethi,0,0.2
J Jojo,0,0.2
MO Jones,0,0.125
NG Jones,0,0.25
C Jonker,0,0.5
Junaid Siddique,0,0.142
Kaleem Shah,0,0.166
JK Kamande,0,0.083
Kamran Shazad,0,0.333
TE Kane,0,0.2
S Keshvani,0,0.5
RWT Key,0,1
N Khanna,0,0.5
Khizer Ahmed,1,0.2
N Khosla,0,0.25
Khurram Chohan,0,0.25
TCR Kimber,1,0.333
NR Kirton,0,0.2
RK Kleinveldt,0,0.166
Kuldeep Singh,0,0.25
P Kumar,0,0.1
R Kumar,0,0.25
UKPW Kumaranayaka,0,0.333
A Lagos,0,1
H Lakov,0,0.333
CK Langeveldt,0,0.111
B Laughlin,0,0.333
J Lewis,0,0.5
ML Lewis,0,0.5
RN Lewis,0,1
NCK Liyanage,0,0.2
KS Lokuarachchi,0,0.5
J Long,0,0.5
T Lungameni,0,0.166
GD McGrath,0,0.5
NJ Maddinson,0,0.166
DL Maddy,0,0.25
Mahedi Hasan,0,1
Mahmad Data,0,0.5
S Mahmood,0,0.333
SI Mahmood,0,0.25
GI Maiden,0,0.333
BF Mailata,0,0.25
GT Main,0,0.5
D Maisuria,0,0.166
A Makesh,0,0.25
AK Mandal,0,0.5
Mandeep Singh,0,0.333
P Manning,0,0.166
AK Markram,0,0.5
HJH Marshall,0,0.333
OM Marshall,0,0.333
CS Martin,0,0.166
DR Martyn,0,0.25
I Master,0,0.5
GE Mathurin,0,0.333
B Mavuta,0,0.333
M Meade,0,1
SC Meaker,0,0.5
J Mees,0,0.333
PHKD Mendis,0,0.25
CAJ Meschede,0,0.2
KO Meth,0,0.5
Mian Mehmood,0,0.25
AJ Michael,0,0.25
TS Mills,0,0.2
A Mishra,0,0.1
P Mishra,0,0.333
K Modise,0,0.333
Mohammad Irfan,0,0.045
Mohammad Kashif,0,0.333
Mohammad Shahzad,0,0.05
Mohammad Tauqir,0,0.333
Mohammad Yousuf,0,0.333
JN Mohammed,0,0.111
Mohammed Qasim,0,0.333
Mohammed Siraj,0,0.333
HJC Mol,0,0.333
Mominul Haque,0,0.166
D Mongia,0,1
M Mooketsi,0,0.142
Mudassar Muhammad,0,0.142
Muhamad Syahadat,0,0.111
Muhammad Amir,0,1
Muhammad Asjed,0,0.5
Muhammad Kaleem,0,0.111
Muhammad Khurram,0,0.2
Muhammad Naeem,0,0.2
Muhammad Saleem,0,0.25
JK Mukhiya,0,0.25
EMDY Munaweera,0,0.076
GBW Munaweera,0,0.2
Munir Dar,0,0.5
M Muralitharan,0,0.083
D Murphy,0,0.25
Musawar Shah,0,0.5
N M'shangwe,0,0.2
AK Muslar,0,0.333
Muslim Yar,0,0.142
T Muzarabani,0,0.111
M Mwamadi,0,0.333
Najjam Shahzad,0,0.25
DM Nakrani,0,0.25
W Nalisa,0,0.111
DP Nannes,0,0.058
Naseem Khushi,0,0.1
A Nathwani,0,0.2
A Natubhai Ahir,0,0.333
Naveed Ahmed,0,0.142
Nazakat Ali,0,0.5
Nazril Rahman,0,0.142
A Nel,0,0.5
JD Nel,0,0.111
L Ngidi,0,0.142
PA Nixon,1,1
L Nussbaumer,0,1
SH Obed,0,0.083
E Ochieng,0,0.5
PP Ojha,0,0.166
SNJ O'Keefe,0,0.142
IO Okpe,0,0.125
R Olipa,0,0.5
Omar Hayat,0,0.5
A Otwani,0,0.25
SD Outerbridge,0,0.333
E Packard,0,0.25
K Pala,0,0.5
I Pandey,0,0.25
NMS Param,0,0.125
PA Patel,0,0.5
RN Patel,0,0.5
D Paterson,0,0.125
C Pengkumta,0,0.25
AK Perera,0,0.166
SL Perera,0,0.5
WKD Perkins,0,1
J Perman,0,0.5
AN Petersen,0,0.5
VD Philander,0,0.142
K Pierre,0,0.125
R Pillai,0,0.166
R Pisal,0,1
S Pokhriyal,0,0.2
KOA Powell,0,1
M Pushpakumara,0,1
A Rangaswamy,0,0.25
Raqibul Hasan,0,0.2
Raza Iqbal,0,0.2
CMW Read,0,1
FL Reifer,0,1
JB Reva,0,0.111
KAJ Roach,0,0.09
IH Romaine,0,0.5
Rubel Hossain,0,0.038
Rumman Raees,0,0.125
RJMGM Rupasinghe,0,0.5
GR Russ,0,0.333
HD Rutherford,0,0.125
SE Rutherford,0,0.333
Saad Nasim,0,0.333
VM Sachdev,0,0.5
Sadeeq Khan,0,0.333
Sahir Naqash,0,0.142
NA Saini,0,0.2
Sajedul Islam,0,1
AM Samad,0,0.142
SV Samson,0,1
R Sandaruwan,0,0.1
JRMVB Sanjaya,0,0.125
K Santokie,0,0.083
Saqlain Arshad,0,0.5
M Sarenac,0,0.5
A Sarma,0,0.333
MM Sarwar,0,0.2
I Sawmy,0,0.5
Sayed Shirzad,0,0.25
CP Schofield,0,0.25
Shaffeq Muhammad,0,0.5
Shafiul Islam,0,0.058
Shaheen Shah Afridi,0,0.1
Shaheryar Butt,0,0.333
Shahid Wasif,0,0.111
Shahriar Nafees,0,1
A Shahzad,0,0.333
Shamsudheen Purat,0,0.333
JNK Shannon,0,0.125
Sharafuddin Ashraf,0,0.125
MM Sharma,0,0.125
V Shetty,0,0.5
Shoaib Khan jnr,0,0.25
Shuvagata Hom,0,0.2
EHSN Silva,0,0.5
KRP Silva,0,0.5
M Simpson-Parker,0,0.333
J Singye,0,0.5
DS Smith,0,0.166
SJS Smith,1,0.2
J Smits,0,0.2
JT Smuts,0,0.125
JN Snape,0,1
CB Sole,0,0.25
A Srivastav,0,0.25
ACF Stokes,0,0.142
AJ Strauss,0,0.25
R Strydom,0,0.333
Sufyan Mehmood,0,0.333
P Syafiq Ali,0,1
Syed Rasel,0,0.125
Tanveer Ahmed,0,0.2
Taskin Ahmed,0,0.058
P Taylor,0,0.142
T Taylor,0,0.166
SR Tendulkar,0,1
SP Terry,0,1
DC Thomas,1,0.333
S Tobgay,0,0.5
GC Tonge,0,1
RJW Topley,0,0.166
A Tripathi,0,0.333
LL Tsotsobe,0,0.043
JJ Tucker,0,0.2
S Tyagi,0,1
A Uniyal,0,0.333
Usama Master,0,0.166
Usman Ali,0,0.2
Usman Limbada,0,0.142
Usman Shinwari,0,0.062
Usman Waheed,0,0.166
JDF Vandersay,0,0.1
MB van Schelven,0,0.5
TCW Veillard,0,0.25
S Vijayakumar,0,0.111
Vimal Kumar,0,0.5
R Vinay Kumar,0,0.111
L Vincent,0,0.111
W Viraliliu,0,0.1
Vishal Ahir,0,1
KDK Vithanage,0,0.333
Waqar Khan,0,0.25
Waqas Ali,0,0.5
Washeem Abbas,0,0.5
VS Wategaonkar,0,0.5
RM West,0,0.2
AA Westphal,0,0.2
BTJ Wheal,0,0.2
BM Wheeler,0,0.166
S Wickramasekara,0,0.2
SA Wijeyeratne,0,0.5
JD Wildermuth,0,0.5
CR Woakes,0,0.125
LJ Woodcock,0,0.333
GH Worker,0,0.5
AS Wright,0,0.125
CM Wright,0,0.5
HN Ya France,0,0.166
Yasar Idrees,0,1
Yasir Arafat,0,0.076
Zaheer Maqsood,0,0.333
Zahid Hussain,0,0.333
Zameer Khan,0,0.5
A Zampa,0,0.038
C Zavoiu,0,0.333
Zawar Farid,0,0.25
Zeeshan Abbas,0,1
Zubaidi Zulkifle,0,0.25
Zulfiqar Babar,0,0.142
Zulqarnain Haider,1,0.333
Zulqarnain Haider,0,0.2
Aamer Ikram,0,0
Aamer Yamin,0,0
Aaron Jones,0,0
Z Abbasi,0,0
Abbas Saad,0,0
YA Abdulla,0,0
Abdullah Mahmood,0,0
Abdullah Sheikh,0,0
Abdul Rashid,0,0
Abdur Rauf,0,0
M Aboagye,0,0
RA Abolarin,0,0
Abul Hasan,0,0
AG Achar,0,0
F Achelam,0,0
Adil Hanif,0,0
Adnan Mufti,0,0
N Advani,0,0
Aftab Ahmed,0,0
AB Agarkar,0,0
A Ahmadhel,0,0
RI Ahmed,0,0
Ahmed Wardak,0,0
Ahsan Abbasi,0,0
Ainool Hafizs,0,0
Aizaz Cheema,0,0
D Ajekun,0,0
C Akyuz,0,0
Ali Ivan,0,0
Ali Naqi,0,0
J Allen,0,0
HS Alta,0,0
Ameel Mauroof,0,0
Ameer Saiyed,0,0
Aminul Islam,0,0
Amir Hayat,0,0
Amir Hamza,0,0
Ammad Uddin,0,0
Anas Khan,0,0
J Anderson,0,0
DK Anefie,0,0
A Anemogiannis,0,0
B Angeltti,0,0
DNA Ankrah,0,0
M Ansari,0,0
Ansar Iqbal,0,0
MA Aponso,0,0
Apon Mustafizur,0,0
S Appu,0,0
S Aravind,0,0
JC Archer,0,0
Z Arinaitwe,0,0
RP Arnold,0,0
B Arora,0,0
Arsalan Arif,0,0
Arsalan Qadir,0,0
Arshad Hayat,0,0
Arslan Ahmed,0,0
Arslan Ahmed,0,0
Asad Ali,0,0
A Aspiotis,0,0
MS Atapattu,0,0
S Ateak,0,0
Atif Ali Khan,0,0
Atif Mehmood,0,0
R Avery,0,0
Awais Zia,0,0
P Awana,0,0
Aziz Mohammad,0,0
Azyan Farhath,0,0
S Badrinath,0,0
LS Baker,0,0
R Bakum,0,0
L Balaji,0,0
KMC Bandara,0,0
HH Banner,0,0
TC Barker,0,0
MC Bascombe,0,0
Bashir Shah,0,0
TC Bastiampillai,0,0
MD Bates,0,0
GJ Batty,0,0
D Bau,0,0
CS Baugh,0,0
DE Bernard,0,0
TL Best,0,0
P Bharat Patel,0,0
S Bhari,0,0
P Bhart,0,0
A Bhattarai,0,0
U Bhatti,0,0
Bilal Ahmed,0,0
IS Billcliff,0,0
STR Binny,0,0
K Birkenstock,0,0
KK Bishnoi,0,0
CC Blake,0,0
AM Blignaut,0,0
GH Bodi,0,0
N Boje,0,0
NE Bonner,0,0
CJ Boyce,0,0
TS Braat,0,0
DL Brangman,0,0
DR Brown,0,0
P Buccimazza,0,0
NB Budayair,0,0
A Bulow,0,0
CG Burnett,0,0
S Byrne,0,0
G Caisley,0,0
HL Carlyon,0,0
A Carthew,0,0
T Caruana,0,0
D Cato,0,0
JJ Celestine,0,0
DL Chahar,0,0
RD Chahar,0,0
Charanjeet Singh,0,0
G Chaturvedi,0,0
M Chauhan,0,0
VB Chikkannaiah,0,0
Chirag Suri,0,0
S Chophel,0,0
DO Christian,0,0
I Civric,0,0
GL Cloete,0,0
FRJ Coleman,0,0
NG Collins,0,0
MNR Cooray,0,0
M Cope,0,0
SJ Cotter,0,0
MS Crane,0,0
SM Curran,0,0
D Daesrath,0,0
H Dajc,0,0
S Dalton,0,0
I Danladi,0,0
H Davids,0,0
S Davizi,0,0
Dawlat Ahmadzai,0,0
DC Delany,0,0
D de la Puente,0,0
PA Desai,0,0
ST de Silva,0,0
BJ Diamanti,0,0
V Dikov,0,0
LHD Dilhara,0,0
SDJJ Dima,0,0
N Dipakkumar Patel,0,0
HH Dippenaar,0,0
M Dixit,0,0
A Djorovic,0,0
XJ Doherty,0,0
JN Dorji,0,0
K Dorji,0,0
RM Dorji,0,0
U Dorji,0,0
TM Dowlin,0,0
R Dravid,0,0
BM Duckett,0,0
B Dugic,0,0
J Dunn,0,0
PS Eaglestone,0,0
KR Ebanks,0,0
Ehsan Nawaz,0,0
AM Ellis,0,0
C Emmott,0,0
RR Emrit,0,0
Faizan Asif,0,0
Fakhrul Mohon,0,0
Fawad Ahmed,0,0
Fazal Niazai,0,0
H Fennell,0,0
B Fernando,0,0
BOP Fernando,0,0
MVT Fernando,0,0
Fiaz Ahmad,0,0
Fida Hussain,0,0
R Flannigan,0,0
P Florin,0,0
KK Flowers,0,0
C Floyd,0,0
BC Fortuin,0,0
AR Gandhi,0,0
D Ganga,0,0
MD Garratt,0,0
Garret Banner,0,0
SP Gauchan,0,0
A Gavde,0,0
R Gaznavi,0,0
B Geeves,0,0
L Gharasim,0,0
JN Gillespie,0,0
O Goker,0,0
GF Gomes,0,0
M Goonetilleke,0,0
D Gough,0,0
S Goustis,0,0
L Gregory,0,0
R Gunasekera,0,0
HF Gurney,0,0
AJ Hall,0,0
PSP Handscomb,0,0
Hardev Singh,0,0
Haroon Arshad,0,0
Haroon Mughal,0,0
LHB Harrington-Myers,0,0
RJ Harris,0,0
SM Harwood,0,0
Hasheem Shahzad,0,0
Hashmatullah Shahidi,0,0
Hassan Rasheed,0,0
RJ Hatchman,0,0
Hayatullah Niazi,0,0
H Helva,0,0
DL Hemp,0,0
T Henderson,0,0
PD Hennessy,0,0
HMRKB Herath,0,0
BW Hilfenhaus,0,0
J Hill,0,0
H Hiri,0,0
J Hirschi,0,0
PA Hitchcock,0,0
KC Hodsoll,0,0
S Hongsi,0,0
PJ Hughes,0,0
EH Hutchinson,0,0
Ibrahim Khan,0,0
Iftikhar Anjum,0,0
Ijaz Hussain,0,0
Imam-ul-Haq,0,0
Imran Ali Butt,0,0
Imran Bulbulia,0,0
Imran Khan,0,0
RK Inampud,0,0
Inzamam-ul-Haq,0,0
AJ Ireland,0,0
Irfan Bhima,0,0
Irfan Mir,0,0
E Isaneez,0,0
B Ivanov,0,0
D Jakiel,0,0
NA Janes,0,0
T Jamtsho,0,0
Javed Ahmadi,0,0
Javed Maroofkhail,0,0
CU Jayasinghe,0,0
P Jayeshbhai Patel,0,0
Jay Odedra,0,0
JS Jesani,0,0
HJ Jordaan,0,0
GJ Joseph,0,0
K Joshi,0,0
Jubair Hossain,0,0
Junaid Khan,0,0
S Jyoti,0,0
Kaleemullah,0,0
G Kaltongga,0,0
S Randiv,0,0
TP Kamungozi,0,0
S Kansoy,0,0
A Karn,0,0
M Kartik,0,0
E Katchay,0,0
S Kaul,0,0
HB Kayondo,0,0
D Kegasitswe,0,0
SKW Kelly,0,0
P Kerai,0,0
A Khan,0,0
B Khumalo,0,0
Khurram Manzoor,0,0
Khushdil Shah,0,0
JH Kiani,0,0
GE Kidd,0,0
VJ Kingma,0,0
RJ Kirtley,0,0
S Kizilkaya,0,0
MF Koc,0,0
AC Kose,0,0
A Krishna,0,0
GJP Kruger,0,0
DS Kulkarni,0,0
CBRLS Kumara,0,0
Kushal Malla,0,0
GA Lamb,0,0
T Langa,0,0
E Leie,0,0
RDM Leverock,0,0
I Lisboa,0,0
LS Livingstone,0,0
CA Liyanage,0,0
K Loday,0,0
J Louw,0,0
L Louwrens,0,0
Lucky Ali,0,0
NM Lyon,0,0
RT Lyons,0,0
AM McCarthy,0,0
NFI McCallum,0,0
OC McCoy,0,0
AJ McKay,0,0
CJ McKay,0,0
ND McKenzie,0,0
DSK Madushanka,0,0
LD Madushanka,0,0
RP Magar,0,0
R Mahajan,0,0
C Mahoney,0,0
Mamoon Latif,0,0
G Manan,0,0
D Manani,0,0
M Markande,0,0
D Marks,0,0
JAH Marshall,0,0
JL Martel,0,0
B Masaba,0,0
MJ Mason,0,0
N Master,0,0
ZE Matsinhe,0,0
V Mbazo,0,0
GJ McCarter,0,0
BJ McCarthy,0,0
Z McLaughlin,0,0
A Mehmood,0,0
Mehrab Hossain jnr,0,0
D Mejia,0,0
K Mendon,0,0
JH Mensah,0,0
DP Michael,0,0
Michael Nazir,0,0
Mihusan Hamid,0,0
Mirza Ahsan,0,0
Mohamed Arief,0,0
Mohameed Taiwo,0,0
Mohammad Adnan,0,0
Mohammad Ahsan,0,0
Mohammad Amin,0,0
Mohammad Hasnain,0,0
Mohammad Iqbal,0,0
Mohamed Mahfooz,0,0
Mohammad Qazi,0,0
Mohammad Rafique,0,0
Mohammad Shahid,0,0
Mohammed Shami,0,0
MR Montfort,0,0
VV Morea,0,0
A Morris,0,0
JWN Moses,0,0
Mohsin Hub,0,0
Muaviath Ganee,0,0
Muhammad Hamayun,0,0
Muhammad Musa,0,0
Muhammad Rafique,0,0
Muhammed Shanil,0,0
Muhammad Wafiq,0,0
D Muhumuza,0,0
Mukhtiar Singh,0,0
Muktar Ali,0,0
FF Mulivai,0,0
T Mupariwa,0,0
S Murari,0,0
Musa Shaheen,0,0
P Mustard,0,0
F Mutizwa,0,0
Nadif Chowdhury,0,0
S Nadigotla,0,0
Najeeb Amar,0,0
A Nanda,0,0
M Nandela,0,0
A Nao,0,0
Nasir Aziz,0,0
Nasrulla Rana,0,0
Nauman Anwar,0,0
NH Naureen,0,0
Naveen-ul-Haq,0,0
Nawaf Ahmed,0,0
Nazimuddin,0,0
Nazmul Hossain,0,0
Nazmus Sadat,0,0
R Neale,0,0
S Nerandzic,0,0
R Ngarava,0,0
JO Ngoche,0,0
HM Nicholls,0,0
D Nikolov,0,0
K Nima,0,0
ML Nkala,0,0
F Nkhoma,0,0
AA Noffke,0,0
Noman Kamawi,0,0
MJ North,0,0
A Nortje,0,0
L Nou,0,0
GM Ntambalika,0,0
J Nyumbu,0,0
IE O'Brien,0,0
NV Ojha,0,0
PJ Ongondo,0,0
LN Onyango,0,0
A Orfila,0,0
Ovais Yousof,0,0
VS Padhaal,0,0
BA Pai,0,0
RJG Palmer,0,0
MS Panesar,0,0
BA Parchment,0,0
MA Parker,0,0
MW Parkinson,0,0
Parvez Rasool,0,0
A Patel,0,0
AY Patel,0,0
M Patel,0,0
M Patel,0,0
MIA Patel,0,0
MM Patel,0,0
TK Patel,0,0
N Pathan,0,0
SS Pathirana,0,0
WA Peatfield,0,0
MDK Perera,0,0
PDRL Perera,0,0
S Periyalwar,0,0
V Permaul,0,0
AM Phangiso,0,0
T Phaswana,0,0
S Pillai,0,0
LA Pomersbach,0,0
VRCF Poubel,0,0
H Pragji,0,0
C Prasad,0,0
KTGD Prasad,0,0
D Pretorius,0,0
AG Prince,0,0
SMA Priyanjan,0,0
Qalandar Khan,0,0
Qasim Zia,0,0
Rafatullah Mohmand,0,0
Rahman Ademi,0,0
P Raho,0,0
EC Rainsford,0,0
PBB Rajapaksa,0,0
Raja Adeel,0,0
CAK Rajitha,0,0
Rakibul Hasan,0,0
RLB Rambukwella,0,0
Rameez Raja,0,0
SHA Rance,0,0
DA Rankin,0,0
RJ Ranpura,0,0
Rashid Khan,0,0
KB Ratilal,0,0
Ravinder Singh,0,0
Razmal Shigiwal,0,0
NJ Reardon,0,0
J Reb,0,0
Riazat Ali Shah,0,0
ACL Richards,0,0
DM Richards,0,0
EB Ringera,0,0
R Rivas,0,0
CP Rizwan,0,0
Rizwan Mahmood,0,0
WJR Robertson,0,0
Robiul Islam,0,0
GA Rogers,0,0
BJ Rohrer,0,0
Rokhan Barakzai,0,0
Rony Talukdar,0,0
JA Rudolph,0,0
SI Runsewe,0,0
AK Sah,0,0
TK Saha,0,0
Sajid Liaqat,0,0
Sakib Hasan,0,0
BA Sambo,0,0
O Sam Arthur,0,0
Sandeep Sharma,0,0
Saqlain Ali,0,0
Saqlain Sajib,0,0
Sarfaraz Ali,0,0
R Satheesan,0,0
JOP Scamans,0,0
K Senamontree,0,0
YSD Seneveratne,0,0
M Sert,0,0
Shabbir Ahmed,0,0
Shabir Noori,0,0
L Shafeeg,0,0
Shahadat Hossain,0,0
Shahbaz Badar,0,0
Shahzad Muhammad,0,0
Sharif Asadullah,0,0
KV Sharma,0,0
R Sharma,0,0
ZK Shem,0,0
Shoaib Gazi Hossain,0,0
PM Siddle,0,0
KM Silva,0,0
BA Simango,0,0
LA Simango,0,0
M Simmons,0,0
Simranjit Singh,0,0
MS Sinclair,0,0
H Singh,0,0
S Singh,0,0
S Singh,0,0
JR Singleton,0,0
T Singye,0,0
RM Siri,0,0
DC Smith,0,0
OF Smith,0,0
RAJ Smith,0,0
Sohail Khan,0,0
S Sohal,0,0
Soheel Hussain,0,0
M Sohel Patel,0,0
Sohrawordi Shuvo,0,0
S Sola,0,0
S Soosiyakumar,0,0
ES Soto,0,0
M Spry,0,0
BB Sran,0,0
L Sreekumar,0,0
H Ssenyondo,0,0
AJ Staal,0,0
B Stanlake,0,0
AL Stephen,0,0
BS Stephenson,0,0
TJ Stephenson,0,0
Suhail Sadiq,0,0
Suhrid Roy,0,0
Sumair Khan,0,0
Suresh Kumar,0,0
ZE Surkari,0,0
MJ Swepson,0,0
Syazrul Idrus,0,0
Tafseer Ali,0,0
Taijul Islam,0,0
Talha Khan,0,0
Tanvir Ahmed,0,0
Tariq Aziz,0,0
Tarun Sharma,0,0
R Telemachus,0,0
VE Tembo,0,0
H Thaker,0,0
J Thinley,0,0
AC Thomas,0,0
O Thomas,0,0
EP Thompson,0,0
S Thuraisingam,0,0
SF Tiai,0,0
BM Tickner,0,0
CT Tremlett,0,0
IJL Trott,0,0
RJ Trott,0,0
TE Tucker,0,0
DR Tuffey,0,0
T Turan,0,0
HER Tyler,0,0
ML Udawatte,0,0
T Ulutuna,0,0
R Ulutuna,0,0
Umair Ali,0,0
J Umanath,0,0
Usman Mushtaq,0,0
WPUJC Vaas,0,0
JJ van der Wath,0,0
VB van Jaarsveld,0,0
S Varathappan,0,0
MP Vaughan,0,0
G Venkateswaran,0,0
JK Vifah,0,0
V Vijh,0,0
Vikramjit Singh,0,0
DJ Vilas,0,0
TC Vine,0,0
R Vishwanath,0,0
C Vorster,0,0
Walid Ghauri,0,0
T Wangchuk jnr,0,0
S Waqas Ahmed,0,0
Waqas Khan,0,0
Waqas Maqsood,0,0
Waqas Raja,0,0
I Wardlaw,0,0
Wasim Ali,0,0
SMK Waththage,0,0
UWMBCA Welegedara,0,0
T Whiteman,0,0
SG Whittingham,0,0
G Wijekoon,0,0
JW Wilson,0,0
MA Wood,0,0
Yamin Ahmadzai,0,0
N Yordanov,0,0
Zain ul Tashnam,0,0
Zakir Hasan,0,0
Zaki Ul Hassan,0,0
Zamir Khan,0,0
S Zargar,0,0
Zeeshan Siddiqui,0,0
Zeshan Arif,0,0
Ziaur Rahman,0,0
Ziaur Rehman,0,0
Zohaib Sarwar,0,0
M Zondeki,0,0
GMC Mol,0,-
JD Schoonheim,0,-
